record_id,unit_id,record_type,start_s,end_s,time_precision,visual_focus,framing_crop_zoom,text_hierarchy,captions,elements_insertions,transition,layers_depth,color_light,audio_event,speech_cue,speech_motion_relation,pace_pause,evidence_ids,notes
R01,U1,segmento,0.0,0.87,verificado,apresentador falando,"tela cheia 9:16, plano médio, mesa com braçadeira de pressão em primeiro plano",2 níveis: linha pequena sans bold branca + palavra-chave grande sans fina/condensada branca,palavra-chave aparece sobre o peito do apresentador,nenhum,corte para fundo preto com texto em motion blur horizontal,texto sobre vídeo,"luz natural clara, fundo bege",áudio contínuo detectado (sem silêncio ≥0.3 s a -35 dB); conteúdo nao_verificado,nao_verificado,nao_verificado,~0.9 s,E01,abertura com palavra-chave gigante na 1ª frase
R02,U1,segmento,0.87,1.4,aproximado,palavra-chave em movimento,fundo preto sólido,mesma palavra-chave deslizando com forte motion blur,n/a,nenhum,texto atravessa a tela com blur e dá lugar ao card,texto isolado,preto/branco,áudio contínuo detectado (sem silêncio ≥0.3 s a -35 dB); conteúdo nao_verificado,nao_verificado,nao_verificado,~0.5 s,E02,fronteira final estimada por frames a 2 fps
R03,U1,segmento,1.4,2.3,aproximado,b-roll 3D (vaso sanguíneo),card vertical arredondado centralizado sobre preto,3 palavras empilhadas grandes sobre o card; palavra do meio em cor de destaque (verde-azulado),n/a,card com animação 3D de vaso sanguíneo,card sai deslizando para a direita com blur; fundo clareia,texto sobre card sobre fundo,"vermelho/rosa no card, fundo preto→cinza",áudio contínuo detectado (sem silêncio ≥0.3 s a -35 dB); conteúdo nao_verificado,nao_verificado,nao_verificado,~0.9 s,E03,texto ultrapassa as bordas do card
R04,U1,segmento,2.3,3.73,aproximado,tipografia cinética pura,fundo branco/off-white,palavra grande sans black entrando letra a letra com blur; palavras de apoio pequenas acima/abaixo,n/a,nenhum,corte seco para o apresentador (detectado em 3.73),só texto,"off-white, texto preto",áudio contínuo detectado (sem silêncio ≥0.3 s a -35 dB); conteúdo nao_verificado,nao_verificado,nao_verificado,~1.4 s,E04,respiro só-texto entre planos do apresentador
R05,U2,segmento,3.73,5.0,verificado,apresentador falando,"tela cheia, plano médio",linha pequena + frase grande; última palavra entra em cinza translúcido e vira branca,frase-chave no centro do peito,nenhum,vídeo encolhe em card arredondado com sombra sobre fundo branco (~4.9–5.1),texto sobre vídeo,clara,áudio contínuo detectado (sem silêncio ≥0.3 s a -35 dB); conteúdo nao_verificado,nao_verificado,nao_verificado,~1.3 s,E05,transição tela cheia→card observada a 10 fps
R06,U2,segmento,5.0,5.9,aproximado,pergunta-gancho,"apresentador dentro de card vertical com sombra, fundo branco","palavras da pergunta espaçadas no topo, uma a uma; palavra final gigante cinza sobreposta ao card",n/a,card com o vídeo do apresentador,card e texto saem para a direita com blur,"texto na frente do card, sombra projetada","branco, cinza escuro",áudio contínuo detectado (sem silêncio ≥0.3 s a -35 dB); conteúdo nao_verificado,nao_verificado,nao_verificado,~0.9 s,E06,
R07,U2,segmento,5.9,7.4,aproximado,resposta em imagem de apoio,card horizontal com sombra sobre branco,linha pequena preta acima do card + palavra grande com preenchimento translúcido sobre o card,n/a,trecho de filme de terceiros dentro do card,"card sobe e o próximo card entra por baixo (vertical, com blur); fundo passa a preto",texto sobre card,verde escuro no card,áudio contínuo detectado (sem silêncio ≥0.3 s a -35 dB); conteúdo nao_verificado,nao_verificado,nao_verificado,~1.5 s,E07,uso de filme de terceiros: não transferir
R08,U2,segmento,7.4,8.97,aproximado,b-roll de hábito (pular corda),card horizontal arredondado sobre preto,palavras pequenas em escada (esq. topo → dir.) + palavra serif grande translúcida + palavra sans bold branca,n/a,b-roll de pessoa se exercitando,corte para o apresentador (8.97),texto sobre card,"preto, luz dura do b-roll",áudio contínuo detectado (sem silêncio ≥0.3 s a -35 dB); conteúdo nao_verificado,nao_verificado,nao_verificado,~1.6 s,E08,mistura serif grande + sans pequena
R09,U2,segmento,8.97,10.17,verificado,apresentador falando,"tela cheia, plano mais fechado que R05 (aparente punch-in)",palavra pequena + palavra serif gigante branca,centro do quadro,nenhum,corte para fundo branco com card,texto sobre vídeo,clara,áudio contínuo detectado (sem silêncio ≥0.3 s a -35 dB); conteúdo nao_verificado,nao_verificado,nao_verificado,~1.2 s,E09,punch-in inferido (pode ser outra tomada)
R10,U3,segmento,10.17,14.73,aproximado,lista que acumula (3 hábitos),"cards horizontais empilhados verticalmente sobre branco, entrando um a um",cada card com rótulo sans bold branco 'start + hábito' centralizado,n/a,"3 b-rolls (comida, treino, meditação) com troca de plano dentro do card",corte para o apresentador (14.73),cards com sombra; lista cresce para baixo,"branco, cards com cores quentes",áudio contínuo detectado (sem silêncio ≥0.3 s a -35 dB); conteúdo nao_verificado,nao_verificado,nao_verificado,~4.6 s (≈1.5 s por item),E10,enumeração visual da fala
R11,U3,segmento,14.73,18.67,verificado,apresentador falando,tela cheia plano médio,legenda curta de 1–3 palavras; uma palavra de destaque maior em serif,"centro do peito, troca por grupo de palavras",nenhum,corte para preto (18.67),texto sobre vídeo,clara,áudio contínuo detectado (sem silêncio ≥0.3 s a -35 dB); conteúdo nao_verificado,nao_verificado,nao_verificado,~3.9 s,E11,plano mais longo sem inserto
R12,U4,segmento,18.67,19.77,verificado,palavra de alerta,fundo preto,"3 linhas: sans branca pequena, palavra gigante com textura vermelha, sans branca",n/a,nenhum,corte para o apresentador,só texto,preto + vermelho escuro,áudio contínuo detectado (sem silêncio ≥0.3 s a -35 dB); conteúdo nao_verificado,nao_verificado,nao_verificado,~1.1 s,E12,reforço do tema com cor de alerta
R13,U4,segmento,19.77,21.0,verificado,apresentador falando,tela cheia,palavras espalhadas + palavra serif grande clara/dourada,centro,nenhum,corte para branco com card,texto sobre vídeo,clara,áudio contínuo detectado (sem silêncio ≥0.3 s a -35 dB); conteúdo nao_verificado,nao_verificado,nao_verificado,~1.2 s,E13,
R14,U4,segmento,21.0,22.4,aproximado,b-roll (tomar comprimido),card horizontal sobre branco,linha pequena + 2 palavras grandes pretas acima/abaixo do card,n/a,b-roll close de boca/comprimido,card e texto deslizam para a esquerda com blur,texto acima e abaixo do card,branco,áudio contínuo detectado (sem silêncio ≥0.3 s a -35 dB); conteúdo nao_verificado,nao_verificado,nao_verificado,~1.4 s,E14,
R15,U4,segmento,22.4,23.0,aproximado,apresentador em card,card vertical com sombra; frase pequena acima,frase sans bold preta acima do card,n/a,vídeo do apresentador no card,card cresce até tela cheia (~22.9–23.1),card sobre branco,branco,áudio contínuo detectado (sem silêncio ≥0.3 s a -35 dB); conteúdo nao_verificado,nao_verificado,nao_verificado,~0.6 s,E15,transição card→tela cheia observada a 10 fps
R16,U4,segmento,23.0,24.1,verificado,apresentador falando,tela cheia,2 linhas pequenas + palavra sans black gigante,centro,nenhum,corte para branco (24.1),texto sobre vídeo,clara,áudio contínuo detectado (sem silêncio ≥0.3 s a -35 dB); conteúdo nao_verificado,nao_verificado,nao_verificado,~1.1 s,E16,
R17,U5,segmento,24.1,27.0,verificado,frase espalhada pela tela,fundo branco,palavras pequenas sans preto distribuídas em zigue-zague; 2 palavras-chave serif condensada gigante,n/a,nenhum,corte para o apresentador (27.0),"só texto, composição que acumula",branco/preto,áudio contínuo detectado (sem silêncio ≥0.3 s a -35 dB); conteúdo nao_verificado,nao_verificado,nao_verificado,~2.9 s,E17,a frase inteira se monta no espaço
R18,U5,segmento,27.0,30.73,verificado,apresentador falando,tela cheia,"palavra serif translúcida, palavras pequenas laterais, palavra sans black grande",centro,nenhum,corte para animação 3D (30.73),texto sobre vídeo,clara,áudio contínuo detectado (sem silêncio ≥0.3 s a -35 dB); conteúdo nao_verificado,nao_verificado,nao_verificado,~3.7 s,E18,
R19,U6,segmento,30.73,32.03,verificado,consequência 1 (artéria),b-roll 3D tela cheia,linha pequena + 2 palavras serif em cor fria (ciano) sobre vermelho,n/a,animação 3D médica,corte (32.03),texto sobre b-roll,vermelho + ciano complementar,áudio contínuo detectado (sem silêncio ≥0.3 s a -35 dB); conteúdo nao_verificado,nao_verificado,nao_verificado,~1.3 s,E19,
R20,U6,segmento,32.03,32.63,verificado,consequência 2 (cérebro/vasos),b-roll 3D tela cheia,1 palavra serif translúcida,n/a,animação 3D médica,corte (32.63),texto sobre b-roll,vermelho/rosa,áudio contínuo detectado (sem silêncio ≥0.3 s a -35 dB); conteúdo nao_verificado,nao_verificado,nao_verificado,~0.6 s,E20,
R21,U6,segmento,32.63,33.7,verificado,consequência 3 (rins),b-roll 3D tela cheia,conectivo pequeno + 2 palavras serif em degrau,n/a,animação 3D médica,corte (33.7),texto sobre b-roll,bege/vermelho,áudio contínuo detectado (sem silêncio ≥0.3 s a -35 dB); conteúdo nao_verificado,nao_verificado,nao_verificado,~1.1 s,E21,lista de 3 com cortes que aceleram
R22,U7,segmento,33.7,38.63,verificado,fechamento + recomendação,tela cheia,"legenda curta; palavras-chave serif gigantes ('physician', 'healthy life')",centro,nenhum,corte para end card (38.63),texto sobre vídeo,clara,áudio contínuo detectado (sem silêncio ≥0.3 s a -35 dB); conteúdo nao_verificado,nao_verificado,nao_verificado,~4.9 s,E22,fecha com frase de efeito em serif
R23,U8,segmento,38.63,40.867,verificado,end card de perfil,fundo gradiente escuro azul/vermelho,nome do perfil em serif + selo; botões de UI,n/a,ponto que cresce até avatar circular com ícone de rede social; botão seguir → seguindo,fim do arquivo,UI simulada,gradiente escuro,áudio contínuo detectado (sem silêncio ≥0.3 s a -35 dB); conteúdo nao_verificado,nao_verificado,nao_verificado,~2.2 s,E23,CTA de seguir simulado
